ms:float,v:float
5290.4298305511475,76.79644
6196.7198848724365,66.20383
7103.009939193726,66.20383
7821.789979934692,83.47439
8587.45002746582,78.36374
16884.70983505249,78.36371
17634.74988937378,79.99628
41651.479959487915,59.99723
42667.16003417969,59.07419
47104.859828948975,62.94791
48120.529890060425,59.07418
48901.819944381714,76.79646
49808.109998703,66.20383
50792.529821395874,60.94955
51526.939868927,81.69836
58417.88983345032,83.47439
59292.92988777161,68.56825
60089.839935302734,75.29063
60949.24998283386,69.81495
67558.92992019653,83.47441
68418.34998130798,69.81495
69402.77004241943,60.94955
70355.9398651123,62.94791
71168.4799194336,73.84273
71965.38996696472,75.29065
72840.43002128601,68.56825
73574.83983039856,81.69833
74340.49987792969,78.36371
75168.65992546082,72.44947
76199.95999336243,58.17913
77215.6298160553,59.07419
87856.75001144409,61.93262
88919.29984092712,56.46796
89731.83989524841,73.84273
90544.36993598938,73.84275
91575.67000389099,58.17912
92653.84984016418,55.6496
93513.25988769531,69.81495
94263.2999420166,79.99628
95044.57998275757,76.79644
99607.29002952576,61.93262
100591.70985221863,60.94956
101341.74990653992,79.99628
102091.77994728088,79.99632
102919.95000839233,72.44947
103857.48982429504,63.99704
104810.6598854065,62.94789
105670.06993293762,69.81495
106529.48999404907,69.81496
107435.78004837036,66.20381
108232.68985748291,75.29065
109029.59990501404,75.29063
109873.38995933533,71.10782
110623.43001365662,79.99628
111326.58982276917,85.3294
112029.73985671997,85.32937
112732.8999042511,85.3294
122936.49983406067,71.10782
123889.66989517212,62.94791
124764.70994949341,68.56825
125483.48999023438,83.47441
126249.1500377655,78.36371
127124.18985366821,68.56825
128046.10991477966,65.08173
128764.88995552063,83.47439
129514.93000984192,79.99632
130311.83981895447,75.29063
131124.37987327576,73.84273
131952.53992080688,72.44947
132718.199968338,78.36371
139155.99989891052,76.79644
143374.9499320984,81.69833
144187.47997283936,73.84273
145078.1500339508,67.3653
145859.43984985352,76.79646
146593.83988380432,81.69833
147359.50994491577,78.36371
148203.28998565674,71.10782
149109.58981513977,66.20383
149859.61985588074,79.99632
150609.65991020203,79.99628
151375.31995773315,78.36371
152234.73000526428,69.81495
152937.88981437683,85.3294
153703.54986190796,78.36371
158000.61988830566,71.10782
158766.2799358368,78.36374
159563.19999694824,75.29063
160438.24005126953,68.56825
161282.01985359192,71.10782
162032.0599079132,79.99628
162813.3499622345,76.79644
163657.13000297546,71.10782
164532.1798324585,68.56827
165266.5798664093,81.69833
166000.98991394043,81.69833
166797.90997505188,75.29063
167657.320022583,69.81495
168469.85983848572,73.84275
169157.38987922668,87.26867
169907.41991996765,79.99628
170719.95997428894,73.84275
171485.62002182007,78.36371
172188.77983093262,85.32937
172938.80987167358,79.99632
173720.09992599487,76.79644
174548.259973526,72.44947
175329.5500278473,76.79644
176095.20983695984,78.36371
176720.2398777008,95.99557
177626.5299320221,66.20383
178439.06998634338,73.84273
179189.10002708435,79.99628
179907.88984298706,83.47441
180689.16988372803,76.79644
181517.33994483948,72.44947
182361.12999916077,71.10782
183095.53003311157,81.69836
183876.81984901428,76.79644
184658.10990333557,76.79644
185548.7699508667,67.3653
186314.42999839783,78.36371
187080.09004592896,78.36374
187830.12986183167,79.99628
188627.0399093628,75.29063
189408.32996368408,76.79644
190127.11000442505,83.47441
190924.02005195618,75.29063
191767.8098678589,71.10782
192564.71991539001,75.29063
193330.37996292114,78.36371
194174.17001724243,71.10783
195017.95983314514,71.10782
195767.99988746643,79.99628
196611.78994178772,71.10782
197486.829996109,68.56825
198268.11003684998,76.79644
199033.76984596252,78.36374
199908.8099002838,68.56825
200752.5999546051,71.10782
201487.01000213623,81.69833
202221.42004966736,81.69833
203033.95986557007,73.84275
203893.3699131012,69.81495
209987.40983009338,79.99628
210799.93987083435,73.84273
211721.8599319458,65.08173
212471.8999862671,79.99628
213346.94004058838,68.56825
214237.59984970093,67.3653
215003.25989723206,78.36371
215862.6799583435,69.81496
216784.60001945496,65.08172
217565.87982177734,76.79646
218378.41987609863,73.84273
219269.08993721008,67.3653
220065.9999847412,75.29063
220816.03002548218,79.99628
221659.8198413849,71.10782
222706.73990249634,57.31078
223534.9099636078,72.44947
224519.33002471924,60.94956
225441.2498474121,65.08173
226222.52988815308,76.79644
227035.06994247437,73.84273
227972.60999679565,63.99704
228925.77981948853,62.94791
229738.3198738098,73.84273
230644.6099281311,66.20383
231566.52998924255,65.08173
232394.69003677368,72.44947
233316.60985946655,65.08173
234160.39991378784,71.10782
234926.05996131897,78.36371
235754.2200088501,72.44949
236660.51983833313,66.20383
237426.17988586426,78.36371
238254.3399333954,72.44947
239098.12998771667,71.10782
239848.16002845764,79.99628
240660.69984436035,73.84275
241535.73989868164,68.56825
242379.52995300293,71.10782
243160.82000732422,76.79644
243957.72981643677,75.29063
244817.1398639679,69.81495
245535.92991828918,83.47441
246285.95995903015,79.99628
247036.00001335144,79.99628
247942.28982925415,66.20383
248676.69987678528,81.69833
249395.47991752625,83.47441
250223.63996505737,72.44947
251098.68001937866,68.56825
251833.0898284912,81.69833
252630.00988960266,75.29065
253426.9199371338,75.29063
254255.07998466492,72.44947
254973.86002540588,83.47439
255770.77984809875,75.29063
259849.08986091614,87.26867
260599.1199016571,79.99628
261442.9099559784,71.10783
262177.3200035095,81.69833
262880.48005104065,85.32937
263599.25985336304,83.47441
264380.5499076843,76.79644
265083.70995521545,85.32937
265786.85998916626,85.3294
266552.5300502777,78.36371
267349.43985939026,75.29063
268068.2199001312,83.47441
268849.5099544525,76.79644
269646.42000198364,75.29063
270380.83004951477,81.69833
271099.60985183716,83.47441
271802.7698993683,85.32937
272615.3099536896,73.84273
273365.33999443054,79.99632
274115.38004875183,79.99628
274881.0398578644,78.36371
275584.1898918152,85.3294
276349.8499393463,78.36371
277162.3899936676,73.84273
277803.05004119873,93.65421
278537.4598503113,81.69833
279334.3698978424,75.29063
280053.1499385834,83.47441
280740.67997932434,87.26867
281381.34002685547,93.65421
285287.7700328827,73.84273
286053.42984199524,78.36371
286944.08988952637,67.3653
287959.76996421814,59.07419
288803.5600185394,71.10782
289616.0898208618,73.84273
290397.3798751831,76.79644
291163.03992271423,78.36371
291881.8199634552,83.47441
292694.3600177765,73.84273
293475.6498336792,76.79644
294178.79986763,85.3294
294975.71992874146,75.29063
295803.8799762726,72.44947
296522.66001701355,83.47439
297272.69983291626,79.99632
298100.8598804474,72.44947
298835.2699279785,81.69833
299585.3099822998,79.99628
300413.47002983093,72.44949
301194.7498321533,76.79644
301929.15987968445,81.69833
302694.8199272156,78.36371
303460.4799747467,78.36374
304148.020029068,87.26867
304788.6698246002,93.65421
305554.32987213135,78.36371
306319.9899196625,78.36371
307070.02997398376,79.99632
307757.56001472473,87.26867
308476.3398170471,83.47439
309226.3798713684,79.99632
309976.4099121094,79.99628
310648.3199596405,89.29817
311382.73000717163,81.69836
312304.6398162842,65.08173
313070.2998638153,78.36371
313804.70991134644,81.69833
314601.6299724579,75.29065
315351.66001319885,79.99628
316039.18981552124,87.26867
316820.47986984253,76.79646
317554.88991737366,81.69833
318304.9199581146,79.99628
319039.33000564575,81.69833
319773.7398147583,81.69836
320539.3998622894,78.36371
321289.4399166107,79.99628
322055.09996414185,78.36374
322836.3800048828,76.79644
323523.9100456238,87.26867
324227.0698547363,85.3294
324961.47990226746,81.69833
339102.75983810425,81.69833
339884.04989242554,76.79644
340665.3299331665,76.79646
341462.23998069763,75.29063
342134.15002822876,89.29817
342852.92983055115,83.47441
343571.71988487244,83.47439
344290.4999256134,83.47439
344962.40997314453,89.2982
345634.31000709534,89.29817
349337.6100063324,89.29817
350118.8998222351,76.79644
354384.7198486328,72.44947
355134.7498893738,79.99628
355837.9099369049,85.32937
356494.1899776459,91.42435
357166.100025177,89.29817
357978.6298274994,73.84275
358791.1698818207,73.84273
359494.3299293518,85.32937
360259.98997688293,78.36371
364525.81000328064,81.69836
365228.97005081177,85.32937
365963.3798599243,81.69833
366791.53990745544,72.44949
367494.6999549866,85.32937
368244.72999572754,79.99628
369041.6498184204,75.29065
369713.5498523712,89.29817
370447.95989990234,81.69833
371197.99995422363,79.99632
371916.7799949646,83.47439
372635.56003570557,83.47439
373354.3498516083,83.47441
374135.62989234924,76.79644
374807.5399398804,89.2982
375541.9499874115,81.69833
376323.23002815247,76.79644
377026.389837265,85.3294
377745.169878006,83.47439
378448.3299255371,85.32937
379182.73997306824,81.69836
379839.0200138092,91.42432
380495.2998161316,91.42435
381229.7098636627,81.69833
381932.86991119385,85.32937
382714.1499519348,76.79646
383448.55999946594,81.69833
387620.63002586365,93.65421
388339.41984176636,83.47439
389089.4498825073,79.99628
389745.7299232483,91.42435
390480.1399707794,81.69833
391245.80001831055,78.36371
391917.7098274231,89.2982
392589.6098613739,89.29817
393292.76990890503,85.3294
394042.799949646,79.99628
394777.2099971771,81.69833
395449.12004470825,89.2982
396089.7698402405,93.65418
399871.1998462677,83.47439
400558.72988700867,87.26867
401308.76994132996,79.99632
402152.55999565125,71.10782
402871.3400363922,83.47439
403652.6198387146,76.79644
404527.6699066162,68.56825
405199.569940567,89.2982
405933.97998809814,81.69833
406652.7600288391,83.47441
407309.0398311615,91.42432
408059.0798854828,79.99628
408855.9899330139,75.29065
409512.2699737549,91.42432
410262.3100280762,79.99628
416090.69991111755,85.32937
416793.8599586487,85.3294
417543.88999938965,79.99628
418247.0500469208,85.32937
418965.82984924316,83.47441
431825.7999420166,73.84273
432622.72000312805,75.29063
437529.189825058,73.84273
438232.3498725891,85.32937
439029.25992012024,75.29063
446670.2399253845,78.36371
447545.2799797058,68.56825
453373.6798763275,87.26867
454201.83992385864,72.44947
455108.12997817993,66.20383
461264.6698951721,75.29063
462061.57994270325,75.29063
462749.1099834442,87.2687
469655.67994117737,76.79644
470515.1000022888,69.81495
471187.0000362396,89.2982
471983.9098453522,75.29063
472765.19989967346,76.79644
473593.3599472046,72.44947
474312.1500015259,83.47441
475124.68004226685,73.84273
475952.8498649597,72.44947
476640.3799057007,87.26867
477437.2899532318,75.29065
478093.5699939728,91.42432
478890.4800415039,75.29063
479624.88985061646,81.69836
480515.5599117279,67.3653
481234.3399524689,83.47439
482078.13000679016,71.10782
482953.1698226929,68.56825
483671.95987701416,83.47441
484484.4899177551,73.84273
485140.7699584961,91.42432
485906.4300060272,78.36374
486640.83981513977,81.69833
487250.2498626709,98.45699
487890.8998966217,93.65418
497047.5800037384,83.47439
497781.9800376892,81.69836
498485.13984680176,85.32937
499219.5498943329,81.69833
499985.209941864,78.36374
500735.2499961853,79.99628
501454.03003692627,83.47439
502235.319852829,76.79646
503094.7299003601,69.81495
503797.88994789124,85.32937
504532.29999542236,81.69833
505360.4600429535,72.44949
506141.7498588562,76.79644
506860.52989959717,83.47439
507563.6899471283,85.3294
512157.6499938965,87.26867
512923.3100414276,78.36374
513735.8498573303,73.84273
514423.3798980713,87.26867
515189.0399456024,78.36371
515970.3299999237,76.79646
516673.4800338745,85.32937
517407.88984298706,81.69833
518189.17989730835,76.79646
518923.5899448395,81.69833
519642.36998558044,83.47439
520439.2800331116,75.29065
521236.19985580444,75.29063
521923.7298965454,87.26867
522642.5099372864,83.47441
523376.9199848175,81.69833
524142.58003234863,78.36371
524830.109834671,87.2687
525564.5198822021,81.69833
526314.5599365234,79.99628
527033.3399772644,83.47441
527720.8700180054,87.26867
528455.2798271179,81.69833
529330.3198814392,68.56825
530033.4799289703,85.3294
530799.1399765015,78.36371
531564.8000240326,78.36371
532236.6998195648,89.2982
532955.4898738861,83.47439
533674.2699146271,83.47441
534455.5599689484,76.79644
535158.7200164795,85.32937
535877.4998188019,83.47441
536611.909866333,81.69833
537424.439907074,73.84273
538252.6099681854,72.44947
538987.0200157166,81.69836
539705.7998180389,83.47439
540424.5798587799,83.47439
541190.239906311,78.36374
541924.6499538422,81.69833
542674.6900081635,79.99628
543299.7200489044,95.99557
544018.4998512268,83.47439
544721.6598987579,85.3294
545409.1899394989,87.26867
546174.84998703,78.36371
546987.3900413513,73.84275
547721.7998504639,81.69833
548440.5798912048,83.47439
549190.6099319458,79.99632
549971.8999862671,76.79644
550643.8100337982,89.29817
551362.5898361206,83.47441
552065.7498836517,85.32937
552800.1599311829,81.69833
553487.6899719238,87.2687
554128.3400058746,93.65418
554831.4998149872,85.3294
555690.9198760986,69.81495
556409.6999168396,83.47439
557112.8599643707,85.3294
557987.900018692,68.56825
558769.1798210144,76.79644
559456.7198753357,87.26867
560191.1199092865,81.69836
560925.5299568176,81.69833
561628.6900043488,85.3294
562300.6000518799,89.29817
563050.6298542023,79.99628
563863.1699085236,73.84273
564566.3299560547,85.3294
565363.2400035858,75.29063
566191.400051117,72.44947
566894.5598602295,85.3294
567628.9699077606,81.69833
568332.1299552917,85.32937
569097.7900028229,78.36374
569785.3200435638,87.26867
570441.5998458862,91.42435
571113.5098934174,89.29817
571847.9099273682,81.69833
572754.2099952698,66.20383
573504.2400360107,79.99632
574285.5298519135,76.79644
575098.0598926544,73.84273
575894.9799537659,75.29063
576613.7599945068,83.47441
577348.170042038,81.69833
578145.0798511505,75.29063
578832.6098918915,87.2687
579535.7699394226,85.32937
580270.1799869537,81.69833
581051.470041275,76.79646
581723.3698368073,89.29817
582457.7798843384,81.69833
583239.0699386597,76.79646
583910.9699726105,89.29817
584614.1300201416,85.3294
585348.5398292542,81.69833
586145.4498767853,75.29063
586832.9799175262,87.2687
587567.3899650574,81.69833
588411.1800193787,71.10782
589161.2198352814,79.99628
589942.4998760223,76.79646
590723.7899303436,76.79644
591520.6999778748,75.29063
592223.8600254059,85.32937
592989.5198345184,78.36374
593786.4298820496,75.29063
594458.3399295807,89.29817
595208.3699703217,79.99632
595974.0300178528,78.36371
596724.0698337555,79.99628
597427.2198677063,85.3294
598192.8799152374,78.36371
603521.2600231171,72.44947
604286.9198322296,78.36371
604990.0698661804,85.3294
605740.1099205017,79.99628
606490.1399612427,79.99628
607177.680015564,87.2687
607912.0800495148,81.69833
608708.9998722076,75.29063
609459.0299129486,79.99628
610177.8099536896,83.47441
610943.4700012207,78.36371
611709.1398239136,78.36371
612396.6698646545,87.2687
613146.6999053955,79.99628
613896.7399597168,79.99628
614584.2700004578,87.2687
615240.5500411987,91.42432
615896.8298435211,91.42435
616646.8598842621,79.99628
617318.7699317932,89.2982
617990.6799793243,89.29817
618693.8300132751,85.3294
619443.8698291779,79.99628
620225.1498699188,76.79644
621006.4399242401,76.79644
621678.3499717712,89.2982
622350.250005722,89.29817
623069.0398216248,83.47441
623819.0698623657,79.99628
624569.109916687,79.99628
625241.0099506378,89.2982
625944.169998169,85.32937
626662.9500389099,83.47441
627444.2398548126,76.79644
628116.1499023438,89.29817
628866.1799430847,79.99632
629663.0899906158,75.29063
630366.250038147,85.32937
631100.6598472595,81.69836
631866.3198947906,78.36371
632631.9799423218,78.36371
633335.1399898529,85.3294
634038.2900238037,85.32937
634788.3298397064,79.99628
635507.1098804474,83.47441
639772.9299068451,76.79644
640554.2199611664,76.79644
641273.0000019073,83.47441
641991.7898178101,83.47439
642773.069858551,76.79644
643538.7299060822,78.36371
644226.2699604034,87.2687
644976.3000011444,79.99628
645741.9600486755,78.36374
646398.2398509979,91.42432
647132.649898529,81.69833
647882.6899528503,79.99632
648773.3500003815,67.3653
649507.7600479126,81.69833
650195.289850235,87.26867
650914.0799045563,83.47441
651710.9899520874,75.29063
652414.1499996185,85.32937
653164.1800403595,79.99632
654070.4698562622,66.20383
655008.0199241638,63.99704
655836.179971695,72.44947
656742.4700260162,66.20383
657711.2698554993,61.9326
658508.1799030304,75.29065
659351.9699573517,71.10782
660164.4999980927,73.84273
660867.6600456238,85.32937
661617.6998615265,79.99632
662414.6099090576,75.29063
663164.6399497986,79.99628
663867.7999973297,85.3294
664649.090051651,76.79644
665524.1298675537,68.56825
666242.9099082947,83.47439
667024.199962616,76.79644
667821.1100101471,75.29065
668555.5198192596,81.69833
669336.7998600006,76.79644
670149.3399143219,73.84273
670868.1299686432,83.47441
671618.1600093842,79.99628
672383.8198184967,78.36371
673133.8498592377,79.99632
673805.7599067688,89.29817
674462.0399475098,91.42435
675305.830001831,71.10782
681837.3799324036,87.26867
682524.9199867249,87.26867
683165.5700206757,93.65421
683837.4798297882,89.29817
684509.379863739,89.2982
685134.40990448,95.99557
685821.939945221,87.26867
686525.0999927521,85.32937
687228.2600402832,85.3294
688009.5398426056,76.79644
688790.8298969269,76.79644
689509.6099376678,83.47441
690259.6499919891,79.99628
690978.4300327301,83.47439
691650.3398418427,89.2982
692337.8698825836,87.26867
692962.8999233246,95.99557
693603.5499572754,93.65418
694244.2100048065,93.65421
694837.9900455475,101.048
695463.0098342896,95.99553
696103.6698818207,93.65421
696728.6999225616,95.99553
697416.2299633026,87.2687
698181.8900108337,78.36371
698885.0498199463,85.32937
699650.7098674774,78.36374
703275.8798599243,75.29065
703963.4099006653,87.26867
704666.5699481964,85.32937
708572.9999542236,83.47441
709323.0299949646,79.99628
710166.8200492859,71.10782
711182.4898719788,59.07419
712088.7799263,66.20383
712885.6999874115,75.29063
713651.3600349426,78.36371
714417.0198440552,78.36371
715135.7998847961,83.47441
715870.2099323273,81.69833
716448.3599662781,103.779
723089.2899036407,76.79644
723823.6999511719,81.69833
724636.2400054932,73.84273
725542.5298213959,66.20383
726370.6998825073,72.44947
727167.6099300385,75.29065
727995.7699775696,72.44947
728870.8100318909,68.56825
729589.5898342133,83.47439
730417.7598953247,72.44947
731120.9199428558,85.3294
731917.829990387,75.29063
736918.0598258972,75.29065
737668.0898666382,79.99628
738480.6299209595,73.84273
739340.0499820709,69.81495
740105.710029602,78.36371
740902.6198387146,75.29065
741699.5298862457,75.29063
742433.9399337769,81.69833
743215.2299880981,76.79644
744012.1400356293,75.29065
744809.0498447418,75.29063
745527.8298854828,83.47439
746262.2399330139,81.69833
747012.2799873352,79.99632
747777.9400348663,78.36371
748481.0898303986,85.32937
749278.00989151,75.29065
750074.9199390411,75.29063
750778.0799865723,85.32937
751512.4800205231,81.69836
752309.399843216,75.29063
753028.1798839569,83.47439
753762.589931488,81.69833
754496.9999790192,81.69836
755262.6600265503,78.36371
755934.5598220825,89.2982
756700.229883194,78.36371
757528.3899307251,72.44947
758231.5499782562,85.32937
758981.5800189972,79.99632
759778.4898281097,75.29063
760528.529882431,79.99628
761231.6799163818,85.3294
761997.3499774933,78.36371
762794.2600250244,75.29063
763481.7898273468,87.2687
764247.4498748779,78.36371
765013.109922409,78.36371
765716.2699699402,85.32937
766513.1800174713,75.29065
767310.0898265839,75.29063
767981.999874115,89.29817
768810.1599216461,72.44949
769591.4499759674,76.79644
770247.7300167084,91.42432
770982.1398258209,81.69836
771700.9198665619,83.47439
772466.579914093,78.36371
773138.4899616241,89.2982
773872.9000091553,81.69833
774622.9300498962,79.99628
775326.0898590088,85.3294
776013.6198997498,87.26867
776716.7799472809,85.3294
777529.3099880219,73.84273
778310.6000423431,76.79644
779123.1398582458,73.84273
780060.6799125671,63.99704
781045.0999736786,60.94956
781826.3900279999,76.79644
782607.6798439026,76.79644
783373.3398914337,78.36374
784045.2399253845,89.29817
784764.0299797058,83.47439
785514.0600204468,79.99632
786264.0898227692,79.99628
786998.4998703003,81.69833
787779.7899246216,76.79646
788592.3299789429,73.84273
789311.1100196838,83.47439
790061.1498355865,79.99632
790873.6798763275,73.84273
791654.9699306488,76.79644
792389.3799781799,81.69833
793170.6600189209,76.79644
794014.4498348236,71.10783
794733.2398891449,83.47439
795514.5199298859,76.79644
796327.0599842072,73.84273
797030.2200317383,85.3294
797733.3798408508,85.32937
798452.1598815918,83.47441
799233.4499359131,76.79644
800030.3599834442,75.29063
800733.510017395,85.32937
801421.0498332977,87.2687
802139.8298740387,83.47439
802889.8599147797,79.99632
803593.0199623108,85.32937
804264.9300098419,89.29817
804952.4600505829,87.2687
805655.6198596954,85.32937
806390.0299072266,81.69836
807030.6799411774,93.65418
807827.5899887085,75.29063
808702.6300430298,68.56825
809437.0398521423,81.69836
810218.3299064636,76.79644
810999.6199607849,76.79644
811749.6500015259,79.99632
812452.810049057,85.32937
813171.5898513794,83.47439
813968.4998989105,75.29063
814687.2899532318,83.47441
815390.4399871826,85.32937
816109.2300415039,83.47441
816843.6398506165,81.69833
817531.1698913574,87.26867
818249.9499320984,83.47441
819046.8599796295,75.29063
819812.5200271606,78.36371
820515.6798362732,85.3294
821265.7198905945,79.99628
822031.3799381256,78.36371
822781.4099788666,79.99632
823468.9400196075,87.26867
824187.7298355103,83.47439
824937.7598762512,79.99632
825672.1699237823,81.69833
826406.5799713135,81.69833
827094.1100120544,87.2687
827766.019821167,89.29817
828469.1698551178,85.3294
829375.4699230194,66.20383
830219.2599773407,71.10782
830969.2900180817,79.99628
831641.1998271942,89.2982
832328.7298679352,87.26867
833000.629901886,89.2982
833719.4199562073,83.47439
834469.4499969482,79.99628
835219.4900512695,79.99628
835907.0198535919,87.2687
836625.7998943329,83.47439
837375.8399486542,79.99632
838188.3699893951,73.84273
838938.4100437164,79.99628
839641.569852829,85.3294
840375.9799003601,81.69833
841110.3799343109,81.69833
841813.539981842,85.3294
842501.070022583,87.26867
843157.3498249054,91.42435
843891.7598724365,81.69833
844563.6699199677,89.29817
845235.5799674988,89.2982
845969.9800014496,81.69833
846766.8998241425,75.29063
847470.0498580933,85.3294
848235.7099056244,78.36371
849001.3799667358,78.36371
849767.040014267,78.36374
850470.1900482178,85.32937
851173.3498573303,85.32937
851892.1298980713,83.47441
852610.9199523926,83.47439
853298.4499931335,87.2687
853954.7300338745,91.42432
854642.2598361969,87.2687
855361.0398769379,83.47439
856126.7099380493,78.36371
856814.2399787903,87.2687
857517.3900127411,85.32937
858251.7998218536,81.69833
859064.3398761749,73.84275
859829.999923706,78.36371
860517.529964447,87.26867
861251.9400119781,81.69836
862033.2298278809,76.79644
862861.389875412,72.44947
863580.1799297333,83.47439
864361.4599704742,76.79646
865236.5000247955,68.56825
866049.0398406982,73.84273
866736.5698814392,87.26867
867470.9799289703,81.69836
868330.3999900818,69.81495
869236.6900444031,66.20383
869986.7198467255,79.99628
870705.5099010468,83.47439
871471.1699485779,78.36374
872252.4499893188,76.79644
872955.61003685,85.32937
873690.0198459625,81.69836
874502.5599002838,73.84273
875330.7199478149,72.44947
876033.8799953461,85.32937
876783.910036087,79.99632
877565.1998519897,76.79644
878330.8598995209,78.36371
879034.019947052,85.3294
879799.6799945831,78.36371
880549.7100353241,79.99628
881284.1198444366,81.69833
881987.2798919678,85.3294
882768.5599327087,76.79644
883674.8600006104,66.20383
884424.8900413513,79.99628
885143.6698436737,83.47441
889722.009897232,83.47439
890503.2999515533,76.79646
891268.9599990845,78.36371
891956.4900398254,87.26867
892753.399848938,75.29065
893581.5598964691,72.44947
894331.5999507904,79.99628
895097.2599983215,78.36371
895862.9200458527,78.36374
896659.8298549652,75.29063
897394.2399024963,81.69833
898081.7699432373,87.26867
898800.5599975586,83.47441
899488.0900382996,87.26867
900144.369840622,91.42435
900831.8998813629,87.26867
901472.5499153137,93.65421
902160.089969635,87.26867
902863.2400035858,85.3294
903535.150051117,89.29817
904238.3098602295,85.3294
904972.7199077606,81.69833
905707.1299552917,81.69833
906394.6599960327,87.2687
907066.5600299835,89.29817
907738.4698390961,89.2982
908425.999879837,87.26867
909082.279920578,91.42435
909738.559961319,91.42432
910394.8400020599,91.42435
911129.2500495911,81.69833
911957.4198722839,72.44947
912660.5699062347,85.3294
913379.359960556,83.47439
914160.640001297,76.79644
914910.6798171997,79.99628
915598.2098579407,87.2687
916332.6199054718,81.69833
917098.2799530029,78.36374
917801.440000534,85.32937
918520.220041275,83.47439
919254.6298503876,81.69836
920051.5398979187,75.29063
920754.6999454498,85.32937
921473.4799861908,83.47441
922223.5200405121,79.99628
923004.7998428345,76.79644
923661.0798835754,91.42435
924348.6099243164,87.26867
925083.0199718475,81.69836
925942.440032959,69.81495
926661.2198352814,83.47439
927395.6298828125,81.69833
928192.5399303436,75.29063
929020.7099914551,72.44949
929723.8600254059,85.32937
930489.5198345184,78.36371
931161.4298820496,89.2982
931942.7199363708,76.79644
932598.9999771118,91.42435
933317.7800178528,83.47439
934130.3198337555,73.84273
934833.4798812866,85.32937
935521.0099220276,87.2687
936271.0399627686,79.99628
937099.21002388,72.44947
937771.1098194122,89.2982
938614.8998737335,71.10782
939349.3099212646,81.69833
940005.5899620056,91.42435
940724.3700027466,83.47439
941521.2800502777,75.29063
942224.4398593903,85.3294
942974.4799137115,79.99628
943693.2599544525,83.47439
944349.5399951935,91.42435
945068.3200359344,83.47439
945802.729845047,81.69836
946552.7698993683,79.99628
947240.2999401093,87.26867
947896.5799808502,91.42435
951662.3799800873,85.32937
952381.1600208282,83.47441
953162.449836731,76.79644
953974.9898910522,73.84273
954678.139925003,85.3294
955428.1799793243,79.99628
956193.8400268555,78.36371
956865.749835968,89.2982
957568.8998699188,85.32937
958287.6899242401,83.47439
959053.3499717712,78.36374
959740.8800125122,87.26867
960444.0398216248,85.3294
961162.8198623657,83.47439
961928.4799098969,78.36371
962584.7599506378,91.42435
963319.169998169,81.69833
964100.4598140717,76.79644
964850.4898548126,79.99632
965553.6499023438,85.32937
966303.6799430847,79.99628
967069.3399906158,78.36374
967756.8700313568,87.26867
968491.2798404694,81.69833
969225.6898880005,81.69836
969975.7299423218,79.99628
970647.6299762726,89.2982
971366.4200305939,83.47439
972116.4498329163,79.99628
972850.8598804474,81.69836
973569.6399211884,83.47439
974304.0499687195,81.69833
975210.3500366211,66.20383
975897.8798389435,87.2687
976663.5398864746,78.36371
977444.8199272156,76.79644
978147.9799747467,85.3294
978882.3900222778,81.69833
979601.1698246002,83.47439
980382.4598789215,76.79646
981069.9899196625,87.26867
981773.1499671936,85.32937
982523.1800079346,79.99632
995039.3898487091,85.32937
995805.0498962402,78.36374
996633.2099437714,72.44947
997320.7399845123,87.26867
998055.1500320435,81.69836
998930.1898479462,68.56825
999742.7299022675,73.84273
1000414.6399497986,89.29817
1001024.0399837494,98.45699
1001774.0800380707,79.99628
1002492.8598403931,83.47441
1003211.639881134,83.47439
1003883.5499286652,89.29817
1004555.449962616,89.2982
1005227.3600101471,89.29817
1005961.7698192596,81.69836
1006727.4298667908,78.36371
1007414.9599075317,87.2687
1008164.999961853,79.99628
1009024.4100093842,69.81495
1009805.6998252869,76.79644
1010524.4798660278,83.47439
1011274.5199203491,79.99632
1012087.0499610901,73.84273
1012837.0900154114,79.99628
1013540.2498245239,85.3294
1014290.2798652649,79.99628
1015165.3199195862,68.56825
1015868.4799671173,85.32937
1016634.1400146484,78.36374
1017446.6798305511,73.84273
1018196.7098712921,79.99628
1018915.4899120331,83.47441
1019681.1499595642,78.36371
1020493.6900138855,73.84273
1021212.4798297882,83.47439
1021946.879863739,81.69836
1022696.9199180603,79.99628
1023540.7099723816,71.10782
1024259.4900131226,83.47439
1025009.5298290253,79.99632
1025837.6898765564,72.44947
1026603.3499240875,78.36371
1027337.7599716187,81.69836
1028056.5400123596,83.47439
1028884.7098350525,72.44947
1029650.3698825836,78.36371
1030369.1499233246,83.47441
1031134.8099708557,78.36371
1031978.600025177,71.10782
1032744.2598342896,78.36371
1033478.6698818207,81.69836
1034213.0799293518,81.69833
1035025.6199836731,73.84273
1035775.6500244141,79.99628
1036494.4298267365,83.47441
1037228.8398742676,81.69833
1038057.009935379,72.44947
1038807.03997612,79.99632
1039572.7000236511,78.36371
1040416.4898395538,71.10782
1041244.649887085,72.44947
1041947.8099346161,85.3294
1042682.2199821472,81.69833
1043401.0000228882,83.47439
1044182.2898387909,76.79644
1044885.449886322,85.3294
1045619.8599338531,81.69833
1046385.5199813843,78.36371
1047135.5500221252,79.99632
1047823.0798244476,87.26867
1048541.8698787689,83.47441
1049338.7799263,75.29063
1050041.9399738312,85.32937
1050791.9700145721,79.99632
1051604.5098304749,73.84273
1052401.419878006,75.29063
1053104.579925537,85.32937
1053854.609966278,79.99632
1054651.5200138092,75.29063
1055526.559829712,68.56825
1056354.7298908234,72.44947
1057073.5099315643,83.47439
1057682.9099655151,98.45699
1061604.9699783325,81.69833
1065902.0500183105,65.08173
1066714.579820633,73.84275
1067417.739868164,85.32937
1068120.8999156952,85.32937
1068808.4299564362,87.2687
1069527.2099971771,83.47439
1070214.740037918,87.2687
1070902.2798538208,87.26867
1071605.4298877716,85.3294
1072324.219942093,83.47439
1073121.129989624,75.29063
1073933.6700439453,73.84273
1074636.8198394775,85.3294
1075355.6098937988,83.47439
1076105.6399345398,79.99628
1076918.179988861,73.84275
1077683.8400363922,78.36371
1087762.4299526215,87.26867
1088496.8400001526,81.69833
1089215.6200408936,83.47441
1089903.1598567963,87.26867
1090590.6898975372,87.2687
1091309.4699382782,83.47439
1092043.8799858093,81.69833
1092715.7900333405,89.2982
1093387.6898288727,89.29817
1094090.8498764038,85.3294
1094825.259923935,81.69833
1095512.789964676,87.2687
1096200.3200054169,87.26867
1096919.1098213196,83.47439
1097716.0198688507,75.29065
1098419.1799163818,85.32937
1099153.589963913,81.69833
1099872.370004654,83.47441
1100653.650045395,76.79644
1101466.1898612976,73.84273
1102184.979915619,83.47439
1102888.1299495697,85.3294
1103591.2899971008,85.32937
1104372.5800514221,76.79646
1105106.9898605347,81.69833
1105794.5199012756,87.26867
1106482.0499420166,87.2687
1107200.8299827576,83.47439
1107982.1200370789,76.79644
1108779.0298461914,75.29065
1109482.1898937225,85.32937
1110169.7199344635,87.26867
1110919.7599887848,79.99632
1111701.0400295258,76.79644
1112388.5698318481,87.26867
1113091.7298793793,85.3294
1113904.2699337006,73.84273
1114607.4299812317,85.32937
1115294.9600219727,87.2687
1116044.989824295,79.99628
1116779.3998718262,81.69833
1117498.1799125671,83.47441
1118232.5899600983,81.69833
1118951.3800144196,83.47441
1126389.2199993134,73.84273
1127045.5000400543,91.42432
1127795.539855957,79.99632
1128545.569896698,79.99628
1129248.7299442291,85.32937
1129967.50998497,83.47441
1130670.6700325012,85.32937
1131436.3298416138,78.36371
1132170.739889145,81.69836
1136420.9399223328,85.32937
1137155.349969864,81.69833
1137827.2500038147,89.2982
1138499.1600513458,89.29817
1139171.059846878,89.2982
1139874.2198944092,85.32937
1140624.2599487305,79.99632
1141264.9099826813,93.65418
1142046.2000370026,76.79644
1142796.229839325,79.99632
1143468.139886856,89.29817
1144249.419927597,76.79644
1144999.4599819183,79.99632
1145733.8700294495,81.69833
1146546.4098453522,73.84273
1147171.4298725128,95.99557
1147874.589920044,85.32937
1148608.999967575,81.69836
1149280.9100151062,89.29817
1149968.4398174286,87.2687
1150640.3398513794,89.29817
1151359.1299057007,83.47439
1152062.2899532318,85.3294
1152718.5699939728,91.42432
1153531.1000347137,73.84273
1154296.7598438263,78.36374
1155046.7998981476,79.99628
1155796.8299388885,79.99628
1156593.75,75.29065
1157312.530040741,83.47439
1158062.5598430634,79.99628
1158796.9698905945,81.69836
1159547.0099449158,79.99628
1160312.669992447,78.36371
1161047.080039978,81.69833
1161734.6098423004,87.2687
1162437.7698898315,85.32937
1163125.2999305725,87.2687
1163875.3299713135,79.99628
1164578.4900188446,85.3294
1165281.6498279572,85.32937
1165984.8098754883,85.32937
1172110.0900173187,93.65418
1172938.2498264313,72.44949
1173657.0398807526,83.47439
1174360.1899147034,85.32937
1175078.9799690247,83.47441
1175860.2600097656,76.79644
1176579.0498256683,83.47439
1177297.8298664093,83.47441
1178047.8599071503,79.99628
1178829.1499614716,76.79644
1179532.3100090027,85.3294
1180266.7198181152,81.69833
1181001.1298656464,81.69833
1181766.7899131775,78.36374
1182438.6899471283,89.29817
1183188.7300014496,79.99628
1183923.1400489807,81.69836
1184641.919851303,83.47439
1185329.449892044,87.2687
1186048.229932785,83.47439
1186829.5199871063,76.79644
1187532.6800346375,85.3294
1188267.08984375,81.69833
1189048.369884491,76.79644
1189829.6599388123,76.79644
1190548.4399795532,83.47441
1195001.7700195312,91.42435
1195720.559835434,83.47439
1196454.969882965,81.69836
1197189.3799304962,81.69833
1197892.529964447,85.32937
1198626.9400119781,81.69836
1199439.4798278809,73.84273
1200158.2598686218,83.47439
1200861.419916153,85.3294
1201611.4599704742,79.99628
1202392.7400112152,76.79644
1203127.1498203278,81.69833
1203830.309867859,85.3294
1204517.8399085999,87.26867
1205252.249956131,81.69836
1206064.7900104523,73.84273
1206814.8200511932,79.99628
1207502.3498535156,87.2687
1208189.8798942566,87.26867
1208939.9199485779,79.99628
1209721.2100028992,76.79646
1210424.36003685,85.32937
1211127.5198459625,85.32937
1211846.2998867035,83.47441
1212627.5899410248,76.79644
1213346.3699817657,83.47439
1214049.5300292969,85.3294
1214752.6898384094,85.32937
1215487.0998859406,81.69836
1216221.5099334717,81.69833
1216909.0399742126,87.26867
1217643.4500217438,81.69836
1218440.3598308563,75.29063
1219206.0198783875,78.36371
1219924.7999191284,83.47439
1220627.9599666595,85.3294
1221440.5000209808,73.84273
1222221.7798233032,76.79644
1223003.0698776245,76.79646
1223753.1099319458,79.99628
1224487.5099658966,81.69833
1225253.180027008,78.36371
1225971.9598293304,83.47441
1226737.6198768616,78.36371
1227550.1599311829,73.84273
1228268.9399719238,83.47441
1229003.350019455,81.69833
1229784.6398353577,76.79644
1230534.6698760986,79.99632
1231222.1999168396,87.26867
1231940.989971161,83.47439
1232691.0200119019,79.99632
1233409.7998142242,83.47439
1234112.9598617554,85.32937
1234878.6199092865,78.36374
1235722.4099636078,71.10782
1236472.4400043488,79.99628
1237284.9798202515,73.84273
1238144.399881363,69.81495
1238878.809928894,81.69836
1239628.839969635,79.99628
1240425.7500171661,75.29063
1241175.7898330688,79.99628
1241894.5698738098,83.47441
1242644.609928131,79.99628
1243457.139968872,73.84273
1244207.1800231934,79.99632
1244910.339832306,85.32937
1245613.4898662567,85.32937
1246332.279920578,83.47441
1247129.1899681091,75.29063
1247879.22000885,79.99628
1248598.0098247528,83.47441
1249301.1598587036,85.32937
1250051.199913025,79.99628
1258895.359992981,83.47439
1259645.390033722,79.99632
1260442.2998428345,75.29063
1261145.4598903656,85.32937
1261864.249944687,83.47441
1262583.0299854279,83.47439
1263333.0600261688,79.99628
1264083.0998420715,79.99632
1264770.6298828125,87.26867
1265489.4099235535,83.47441
1266223.8199710846,81.69833
1267020.7300186157,75.29063
1267864.5198345184,71.10782
1268583.3098888397,83.47441
1269270.8399295807,87.26867
1270098.9999771118,72.44947
1270911.540031433,73.84273
1271661.5698337555,79.99632
1272380.3598880768,83.47439
1273146.019935608,78.36371
1273989.8099899292,71.10782
1274739.8400306702,79.99632
1275474.2498397827,81.69833
1276224.289894104,79.99628
1277021.1999416351,75.29065
1277771.229982376,79.99628
1278490.0200366974,83.47439
1279255.67984581,78.36371
1280115.089893341,69.81496
1280880.7499408722,78.36371
1281537.0299816132,91.42432
1282349.5700359344,73.84273
1283115.229845047,78.36374
1283865.259885788,79.99628
1284615.2999401093,79.99628
1285427.8399944305,73.84275
1286162.2500419617,81.69833
1286881.029844284,83.47439
1287677.9398918152,75.29063
1288459.2299461365,76.79646
1289162.3899936676,85.32937
1289881.1700344086,83.47439
1290631.199836731,79.99632
1291428.109884262,75.29063
1292146.8999385834,83.47439
1292850.0599861145,85.3294
1293725.1000404358,68.56825
1294584.5098495483,69.81495
1295256.4198970795,89.29817
1295897.0699310303,93.65421
1301287.95003891,81.69836
1302069.2298412323,76.79644
1302834.8898887634,78.36371
1303694.3099498749,69.81495
1311413.4199619293,83.47441
1312225.9500026703,73.84273
1312960.3600502014,81.69833
1313679.1498661041,83.47441
1314429.179906845,79.99628
1315194.8399543762,78.36371
1315944.8800086975,79.99632
1316648.0300426483,85.32937
1317366.819858551,83.47439
1317929.3398857117,106.6617
1318648.129940033,83.47439
1319398.159980774,79.99632
1320179.4500350952,76.79644
1320945.1098442078,78.36371
1321601.3898849487,91.42435
1322367.0499324799,78.36371
1323085.8299732208,83.47439
1331445.590019226,63.99704
1332101.8698215485,91.42432
1332805.0298690796,85.3294
1333508.1899166107,85.32937
1334430.1099777222,65.08173
1335273.9000320435,71.10782
1335992.6798343658,83.47439
1336695.839881897,85.3294
1337477.119922638,76.79644
1338336.5399837494,69.81495
1339117.8200244904,76.79644
1339836.609840393,83.47441
1340664.7698879242,72.44947
1347055.6900501251,69.81495
1347805.7298660278,79.99632
1352696.5799331665,69.81495
1353446.6099739075,79.99628
1354196.6500282288,79.99628
1370291.1398410797,83.47441
1373869.4298267365,87.2687
1374541.3398742676,89.29817
1375213.2499217987,89.2982
1375900.7799625397,87.26867
1376572.6799964905,89.2982
1377228.9600372314,91.42432
1377885.2398395538,91.42435
1378447.7698802948,106.6617
1379072.7999210358,95.99557
1379697.8299617767,95.99557
1380338.4799957275,93.65418
1388745.120048523,78.36371
1389495.1598644257,79.99628
1390213.9399051666,83.47441
1390963.9699459076,79.99628
1391745.2600002289,76.79644
1392542.17004776,75.29065
1393245.3298568726,85.32937
1393979.7399044037,81.69833
1394745.3999519348,78.36374
1395401.6799926758,91.42432
1396136.090040207,81.69833
1396886.1198425293,79.99632
1397651.7798900604,78.36371
1398354.9399375916,85.32937
1399104.9799919128,79.99632
1399886.2600326538,76.79644
1400667.5498485565,76.79644
1401401.9598960876,81.69836
1402167.6199436188,78.36371
1402964.52999115,75.29063
1403777.0700454712,73.84273
1404527.0998477936,79.99628
1405277.1399021149,79.99632
1406042.799949646,78.36371
1406808.4599971771,78.36371
1407574.1200447083,78.36374
1413808.7799549103,76.79646
1414621.3200092316,73.84273
1415402.6098251343,76.79644
1416105.759859085,85.32937
1416855.7999134064,79.99632
1417605.8299541473,79.99628
1418277.7400016785,89.29817
1418996.5200424194,83.47441
1419762.179851532,78.36371
1420621.5999126434,69.81495
1421387.2599601746,78.36371
1422262.3000144958,68.56825
1423137.3398303986,68.56825
1423934.2498779297,75.29065
1424824.9199390411,67.3653
1425699.9599933624,68.56825
1426465.6200408936,78.36371
1427246.9098567963,76.79644
1428028.1898975372,76.79644
1428809.4799518585,76.79646
1429543.8899993896,81.69833
1430309.5500469208,78.36371
1431137.7098560333,72.44947
1431903.3699035645,78.36374
1432637.7799510956,81.69833
1433387.8099918365,79.99628
1434169.1000461578,76.79646
1434934.7598552704,78.36371
1435669.1699028015,81.69833
1436419.2099571228,79.99628
1437278.620004654,69.81496
1438122.4098205566,71.10782
1438934.949874878,73.84273
1439653.729915619,83.47439
1440403.7599563599,79.99628
1441138.170003891,81.69836
1441950.7098197937,73.84273
1442716.3698673248,78.36371
1443450.779914856,81.69836
1444232.0699691772,76.79644
1445122.7300167084,67.3653
1445997.769832611,68.56825
1446763.4298801422,78.36371
1447513.4699344635,79.99628
1448310.3799819946,75.29065
1449122.920036316,73.84273
1449888.5798454285,78.36371
1450622.9898929596,81.69833
1451529.279947281,66.20383
1452357.439994812,72.44947
1453107.4800491333,79.99632
1453904.3898582458,75.29063
1454732.549905777,72.44947
1455498.209953308,78.36371
1456295.1300144196,75.29065
1457123.289823532,72.44947
1457935.8298778534,73.84273
1458685.8599185944,79.99628
1459467.1499729156,76.79644
1460310.940027237,71.10782
1461076.5998363495,78.36374
1461857.8798770905,76.79644
1462686.049938202,72.44947
1463514.209985733,72.44947
1464264.240026474,79.99632
1465076.7798423767,73.84273
1465889.319896698,73.84273
1466670.6099510193,76.79644
1467436.2699985504,78.36371
1468217.5500392914,76.79646
1469045.7198619843,72.44947
1469795.7499027252,79.99628
1470561.4099502563,78.36371
1471358.3199977875,75.29065
1472077.1100521088,83.47439
1472842.7698612213,78.36371
1473624.0499019623,76.79644
1474389.7099494934,78.36374
1475124.1199970245,81.69833
1475905.4100513458,76.79644
1476717.9498672485,73.84273
1477421.0999011993,85.3294
1478139.8899555206,83.47439
1478889.9199962616,79.99632
1479639.960050583,79.99628
1480343.109846115,85.32937
1481093.1499004364,79.99632
1481874.4399547577,76.79644
1482671.3500022888,75.29063
1483390.1300430298,83.47439
1484093.2898521423,85.3294
1484858.9498996735,78.36371
1485593.3599472046,81.69833
1491343.6198234558,81.69833
1492046.779870987,85.3294
1492812.439918518,78.36371
1493624.9799728394,73.84273
1494359.3900203705,81.69836
1495156.299829483,75.29063
1495953.2098770142,75.29063
1496656.3699245453,85.32937
1497406.3999652863,79.99632
1498125.1900196075,83.47439
1498890.84982872,78.36371
1504641.10994339,75.29063
1505344.269990921,85.3294
1506094.3100452423,79.99628
1506828.7198543549,81.69833
1512016.459941864,83.47441
1512766.489982605,79.99628
1513485.270023346,83.47439
1514204.0598392487,83.47441
1514922.8398799896,83.47439
1515657.2499275208,81.69833
1516344.7799682617,87.2687
1517094.820022583,79.99628
1517891.7298316956,75.29063
1524563.9100074768,93.65418
1525220.1900482178,91.42435
1525907.7198505402,87.26867
1526626.5099048615,83.47441
1527329.6699523926,85.32937
1528001.5699863434,89.2982
1528704.7300338745,85.32937
1529454.759836197,79.99628
1530220.419883728,78.36374
1530923.5799312592,85.32937
1531626.7399787903,85.32937
1532345.5200195312,83.47441
1533095.559835434,79.99628
1533767.4598693848,89.2982
1534470.619916916,85.32937
1535267.529964447,75.29063
1536033.1900119781,78.36371
1536830.109834671,75.29065
1540564.6498203278,81.69833
1541314.689874649,79.99632
1542080.3499221802,78.36371
1542799.1299629211,83.47439
1543502.2900104523,85.3294
1544330.4498195648,72.44947
1545080.489873886,79.99628
1545799.269914627,83.47439
1546564.9299621582,78.36374
1547471.2200164795,66.20383
1555205.960035324,79.99628
1556127.8698444366,65.08173
1557018.539905548,67.3653
1557799.8299598694,76.79644
1558612.3600006104,73.84273
1559581.1598300934,61.93262
1560440.5698776245,69.81495
1582972.8698730469,87.26867
1583707.279920578,81.69836
1587973.0999469757,73.84273
1588770.0099945068,75.29063
1589801.3098239899,58.17913
1590957.6098918915,51.88948
1591801.3999462128,71.10782
1597457.909822464,79.99632
1598270.4498767853,73.84273
1599098.6099243164,72.44947
1599848.6499786377,79.99628
1600645.5600261688,75.29063
1601426.8498420715,76.79646
1602270.6398963928,71.10782
1603005.049943924,81.69833
1603786.329984665,76.79644
1604614.490032196,72.44949
1605395.7798480988,76.79644
1606223.9398956299,72.44947
1607083.3599567413,69.81495
1607864.6500110626,76.79644
1608645.9300518036,76.79644
1609427.2198677063,76.79646
1610286.6299152374,69.81495
1611052.2899627686,78.36371
1611833.5800170898,76.79644
1612692.9898262024,69.81495
1613489.9098873138,75.29063
1614239.9399280548,79.99632
1615005.599975586,78.36371
1615802.510023117,75.29063
1616599.4198322296,75.29063
1617333.8298797607,81.69836
1618115.119934082,76.79644
1618943.2799816132,72.44947
1619896.4500427246,62.94791
1620646.4898586273,79.99628
1621459.0198993683,73.84273
1622365.31996727,66.20383
1623193.480014801,72.44949
1623974.7698307037,76.79644
1624771.6798782349,75.29063
1625631.089925766,69.81495
1626459.2599868774,72.44947
1627209.2900276184,79.99628
1627974.949836731,78.36374
1628771.859884262,75.29063
1629584.3999385834,73.84273
1630225.0599861145,93.65421
1630943.8400268555,83.47439
1631693.8698291779,79.99628
1632600.1698970795,66.20383
1633490.8299446106,67.3653
1634256.4899921417,78.36374
1634990.9000396729,81.69833
1635865.9398555756,68.56825
1636865.9899234772,59.99723
1637662.8999710083,75.29063
1638444.1900253296,76.79644
1639225.469827652,76.79644
1640069.2598819733,71.10782
1640772.4199295044,85.3294
1641491.1999702454,83.47439
1645788.2800102234,71.10783
1646522.689819336,81.69833
1647382.099866867,69.81495
1648257.1399211884,68.56825
1648991.5499687195,81.69833
1649788.4600162506,75.29063
1659242.019891739,79.99628
1659945.17993927,85.3294
1660679.5899868011,81.69833
1661445.2500343323,78.36371
1662164.0298366547,83.47441
1662882.819890976,83.47439
1663554.7199249268,89.29817
1667929.929971695,79.99628
1668742.460012436,73.84275
1669586.2498283386,71.10782
1670336.28988266,79.99628
1671133.199930191,75.29063
1671992.6199913025,69.81495
1672742.6500320435,79.99632
1673539.559841156,75.29063
1674180.2198886871,93.65418
1678196.0299015045,81.69833
1678977.3099422455,76.79646
1679883.610010147,66.20381
1680649.2698192596,78.36374
1681446.1798667908,75.29063
1682321.219921112,68.56825
1683290.0099754333,61.93262
1684305.6900501251,59.07418
1687915.2300357819,78.36371
1688665.2598381042,79.99632
1689399.6698856354,81.69833
1690102.8299331665,85.32937
1690868.4899806976,78.36374
1691806.030035019,63.99704
1692571.6898441315,78.36371
1693399.859905243,72.44947
1694259.269952774,69.81495
1695181.1900138855,65.08173
1695993.7298297882,73.84273
1703697.2098350525,73.84273
1704634.7498893738,63.99704
1705697.2999572754,56.46796
1706525.4600048065,72.44947
1707431.7598342896,66.20383
1708369.2998886108,63.99704
1709228.709936142,69.81495
1709978.7499904633,79.99632
1710791.2900447845,73.84273
1711681.949853897,67.3653
1712478.8599014282,75.29063
1713260.1499557495,76.79644
1714119.570016861,69.81495
1715041.4798259735,65.08173
1715822.7698802948,76.79644
1716666.559934616,71.10782
1717619.7299957275,62.94791
1718385.3900432587,78.36374
1719213.5498523712,72.44947
1720088.5899066925,68.56825
1720822.9999542236,81.69833
1721588.6600017548,78.36371
1722416.8298244476,72.44947
1723307.4898719788,67.3653
1724073.14991951,78.36374
1724979.4399738312,66.20383
1726073.2400417328,54.8546
1726932.6598644257,69.81495
1727745.199918747,73.84273
1728573.359966278,72.44949
1729448.4000205994,68.56825
1730182.809829712,81.69833
1730948.469877243,78.36371
1731761.0099315643,73.84273
1741652.0898342133,78.36371
1742339.6198749542,87.26867
1743074.0299224854,81.69836
1743855.3199768066,76.79644
1744714.7300243378,69.81495
1745449.1398334503,81.69833
1746167.9298877716,83.47441
1746902.3299217224,81.69833
1747777.3699760437,68.56825
1753043.2398319244,75.29063
1753871.409893036,72.44947
1754730.819940567,69.81495
1761293.6298847198,78.36374
1761996.7799186707,85.32937
1762684.319972992,87.26867
1763449.980020523,78.36374
1767622.0400333405,72.44947
1768309.5798492432,87.2687
1769137.7398967743,72.44947
1770075.2799510956,63.99704
1770934.700012207,69.81495
1771794.1098213196,69.81495
1772669.1498756409,68.56825
1773591.0699367523,65.08173
1774325.4799842834,81.69833
1775106.7700386047,76.79644
1775856.7998409271,79.99632
1776606.829881668,79.99628
1777341.2399291992,81.69833
1778075.6499767303,81.69836
1778903.8200378418,72.44947
1785466.6199684143,76.79644
1786185.4000091553,83.47439
1786919.8098182678,81.69836
1787716.719865799,75.29063
1788716.7699337006,59.99723
1789498.0599880219,76.79644
1790451.2300491333,62.94791
1795638.9698982239,72.44947
1796482.7599525452,71.10782
1797217.159986496,81.69833
1797998.4500408173,76.79646
1798810.98985672,73.84273
1799592.269897461,76.79644
1800342.3099517822,79.99628
1801186.1000061035,71.10782
1802123.6398220062,63.99704
1802858.0498695374,81.69836
1803748.7199306488,67.3653
1804842.5199985504,54.8546
1805780.0598144531,63.99704
1806530.0998687744,79.99628
1807311.3799095154,76.79646
1808123.9199638367,73.84273
1808998.960018158,68.56825
1809842.7498340607,71.10782
1810592.7798748016,79.99628
1815452.3799419403,81.69833
1816202.4199962616,79.99632
1820843.26004982,67.3653
1821733.9198589325,67.3653
1822452.7099132538,83.47439
1823265.249967575,73.84275
1824077.780008316,73.84273
1824921.5698242188,71.10782
1825640.35987854,83.47439
1826406.0199260712,78.36374
1827218.5499668121,73.84273
1827999.8400211334,76.79644
1828718.6198234558,83.47439
1829546.7898845673,72.44947
1830437.4499320984,67.3653
1831218.7399864197,76.79646
1831968.7700271606,79.99628
1832734.4298362732,78.36371
1833546.9698905945,73.84273
1834281.3799381256,81.69836
1835015.7899856567,81.69833
1835703.3200263977,87.2687
1839984.769821167,73.84273
1840781.6798686981,75.29063
1841750.4799365997,61.93262
1842813.0300045013,56.46796
1843594.3100452423,76.79646
1844391.2198543549,75.29063
1845110.0099086761,83.47439
1845922.5499629974,73.84273
1846656.9499969482,81.69836
1847453.869819641,75.29063
1848250.7798671722,75.29063
1848953.9399147034,85.3294
1849750.8499622345,75.29063
1850688.3900165558,63.99704
1851407.1698188782,83.47439
1852282.2098731995,68.56825
1853157.259941101,68.56825
1853907.289981842,79.99628
1854579.2000293732,89.2982
1858845.0198173523,69.81495
1859563.7998580933,83.47441
1860438.8399124146,68.56825
1861329.509973526,67.3653
1862032.6700210571,85.32937
1862782.6998233795,79.99628
1863548.3598709106,78.36374
1864314.0199184418,78.36371
1865017.179965973,85.32937
1865751.590013504,81.69836
1866689.1298294067,63.99704
1867517.2998905182,72.44947
1868314.2099380493,75.29063
1869189.2499923706,68.56825
1870126.790046692,63.99704
1870845.5698490143,83.47439
1871611.2298965454,78.36371
1872361.2699508667,79.99632
1873126.9299983978,78.36371
1873814.4600391388,87.26867
1874501.9898414612,87.2687
1875236.3998889923,81.69833
1876064.5699501038,72.44947
1876861.479997635,75.29065
1877549.0100383759,87.26867
1878158.409833908,98.45699
1882549.239873886,69.81495
1887830.7399749756,91.42435
1894174.7798919678,75.29063
1895034.189939499,69.81495
1895893.6100006104,69.81496
1896659.2700481415,78.36371
1897518.679857254,69.81495
1898409.3499183655,67.3653
1899159.3899726868,79.99628
1899878.1700134277,83.47441
1900612.5798225403,81.69833
1901440.7398700714,72.44947
1902175.1499176025,81.69833
1902972.0599651337,75.29065
1903893.9800262451,65.08172
1904831.5198421478,63.99704
1905565.929889679,81.69836
1906284.7199440002,83.47439
1907269.1400051117,60.94956
1907987.9200458527,83.47439
1908769.2098617554,76.79644
1909597.3699092865,72.44949
1910534.9099636078,63.99702
1911347.450017929,73.84275
1912081.8598270416,81.69833
1917097.7199077606,71.10782
1917925.8799552917,72.44947
1918785.2900028229,69.81495
1919488.450050354,85.32937
1920300.9898662567,73.84273
1921160.3999137878,69.81495
1921894.809961319,81.69836
1922707.3500156403,73.84273
1923519.889831543,73.84273
1924363.6798858643,71.10782
1925098.0899333954,81.69836
1925894.9999809265,75.29063
1926816.920042038,65.08173
1927566.9498443604,79.99628
1928332.6098918915,78.36371
1929113.8999462128,76.79646
1930035.8200073242,65.08172
1930754.6000480652,83.47441
1931535.889863968,76.79644
1932348.4199047089,73.84273
1933129.7099590302,76.79644
1933832.8700065613,85.3294
1934614.1500473022,76.79644
1935395.439863205,76.79644
1936239.2299175262,71.10782
1936973.6399650574,81.69836
1937786.1700057983,73.84273
1938661.2198352814,68.56825
1939489.3798828125,72.44947
1940192.5399303436,85.32937
1940942.5699710846,79.99632
1941723.860025406,76.79644
1942505.1398277283,76.79644
1943223.9298820496,83.47441
1943989.5899295807,78.36371
1944786.4999771118,75.29063
1945505.2800178528,83.47439
1946192.8098201752,87.2687
1946895.9698677063,85.32937
1947630.3799152374,81.69836
1948396.0399627686,78.36371
1949099.2000102997,85.32937
1949786.7300510406,87.2687
1950552.3898601532,78.36371
1954802.589893341,79.99628
1955615.1299476624,73.84275
1956287.0299816132,89.29817
1956990.1900291443,85.3294
1957693.3498382568,85.32937
1958459.009885788,78.36371
1959177.789926529,83.47441
1959865.31996727,87.26867
1960568.480014801,85.32937
1961412.2698307037,71.10783
1962396.6898918152,60.94955
1963193.5999393463,75.29065
1964021.7599868774,72.44947
1964912.430047989,67.3653
1965803.0998706818,67.3653
1966553.1299114227,79.99628
1967318.7899589539,78.36371
1968084.450006485,78.36371
1968834.4898223877,79.99632
1969506.3898563385,89.29817
1970225.1799106598,83.47441
1970943.9599514008,83.47439
1971740.869998932,75.29063
1972553.4098148346,73.84273
1973272.1898555756,83.47441
1973959.7198963165,87.26867
1974662.8799438477,85.3294
1975491.050004959,72.44947
1976381.7098140717,67.3653
1977116.1198616028,81.69833
1977741.1499023438,95.99557
1984694.599866867,83.47439
1985522.7599143982,72.44947
1986210.2899551392,87.2687
1986960.3300094604,79.99628
1987819.739818573,69.81495
1988663.5298728943,71.10782
1989382.3099136353,83.47439
1990132.3499679565,79.99632
1990898.0100154877,78.36371
1991757.4198246002,69.81495
1992491.8298721313,81.69833
1993382.4999332428,67.3653
1994382.5500011444,59.99723
1995179.4600486755,75.29063
1996023.2498645782,71.10782
1996851.4099121094,72.44947
1997617.0699596405,78.36374
1998304.6000003815,87.26867
1998960.8800411224,91.42435
1999789.0498638153,72.44947
2000757.8399181366,61.93262
2001617.259979248,69.81495
2002367.290019989,79.99628
2003148.5798358917,76.79644
2003992.369890213,71.10782
2004883.0299377441,67.3653
2005586.1899852753,85.3294
2006304.9700260162,83.47439
2007023.759841919,83.47441
2007836.28988266,73.84273
2008664.4599437714,72.44947
2009367.6099777222,85.32937
2010164.5300388336,75.29063
2010914.559841156,79.99632
2011883.3599090576,61.93262
2012649.0199565887,78.36371
2013367.7999973297,83.47439
2017993.010044098,76.79644
2018711.7998600006,83.47439
2019477.4599075317,78.36371
2020289.999961853,73.84275
2021086.9100093842,75.29063
2021790.0698184967,85.32937
2022555.7298660278,78.36371
2023399.5099067688,71.10783
2024227.6799678802,72.44947
2024946.4600086212,83.47439
2025665.2400493622,83.47439
2026384.029865265,83.47441
2027165.3099060059,76.79644
2028009.0999603271,71.10782
2028727.8900146484,83.47439
2029446.6698169708,83.47441
2030212.329864502,78.36371
2030977.989912033,78.36371
2031821.7799663544,71.10782
2032540.5600070953,83.47441
2033243.719816208,85.32937
2034025.0098705292,76.79646
2042322.2699165344,91.42435
2043041.0499572754,83.47439
2043744.2100048065,85.3294
2044384.8600387573,93.65418
2045056.7698478699,89.2982
2045634.9198818207,103.7789
2046259.9499225616,95.99557
2046916.2299633026,91.42432
2047635.0100040436,83.47441
2048431.9200515747,75.29063
2049119.4598674774,87.26867
2049806.9899082184,87.2687
2050494.5199489594,87.26867
2051150.7999897003,91.42435
2051791.4500236511,93.65418
2052432.1098327637,93.65421
2053072.7598667145,93.65418
2053729.0399074554,91.42435
2054416.5799617767,87.26867
2055166.6100025177,79.99632
2055901.0200500488,81.69833
2056572.9298591614,89.2982
2057260.4598999023,87.26867
2061698.1599330902,87.26867
2062432.5699806213,81.69833
2063182.6100349426,79.99632
2063917.0198440552,81.69833
2064635.7998847961,83.47439
2065401.4599323273,78.36374
2066213.9999866486,73.84273
2066948.4100341797,81.69833
2067667.189836502,83.47441
2068401.5998840332,81.69833
2069136.0099315643,81.69833
2069823.5399723053,87.2687
2070526.7000198364,85.32937
2071323.609828949,75.29063
2072198.6498832703,68.56825
2072917.4299240112,83.47441
2073761.2199783325,71.10782
2074651.890039444,67.3653
2075386.2998485565,81.69833
2076120.7098960876,81.69833
2076823.8599300385,85.3294
2077542.6499843597,83.47439
2078214.5500183105,89.2982
2078902.0898342133,87.26867
2079667.7498817444,78.36371
2082855.3898334503,98.45695
2083496.0498809814,93.65421
2084167.9499149323,89.29817
2084839.8599624634,89.2982
2085527.3900032043,87.26867
2086199.3000507355,89.2982
2086902.459859848,85.32937
2087605.6098937988,85.32937
2088386.8999481201,76.79646
2089090.0599956512,85.32937
2093527.760028839,79.99628
2094230.9198379517,85.3294
2094934.0798854828,85.32937
2095543.4799194336,98.45699
2099387.409925461,76.79644
2100059.319972992,89.29817
2100824.980020523,78.36374
2101621.8898296356,75.29063
2102418.7998771667,75.29063
2103106.3299179077,87.26867
2103856.369972229,79.99632
2104559.52000618,85.32937
2105231.4298152924,89.2982
2105887.7098560333,91.42432
2106559.6199035645,89.2982
2107231.5199375153,89.29817
2108028.4299850464,75.29063
2108731.5900325775,85.3294
2109528.49984169,75.29063
2110419.1699028015,67.3653
2111122.3299503326,85.32937
2111903.6099910736,76.79646
2112653.650045395,79.99628
2113309.9298477173,91.42432
2114028.7098884583,83.47441
2114731.8699359894,85.32937
2115450.6499767303,83.47441
2116075.6800174713,95.99553
2116872.589826584,75.29063
2124138.559818268,87.26867
2124872.9598522186,81.69833
2125607.3698997498,81.69836
2126294.909954071,87.26867
2127107.439994812,73.84273
2127888.7300491333,76.79644
2128857.519865036,61.93262
2129670.0599193573,73.84273
2134342.1499729156,76.79644
2135029.6800136566,87.26867
2135764.089822769,81.69836
2136498.4998703003,81.69833
2137201.6599178314,85.32937
2137904.8199653625,85.3294
2138623.6000061035,83.47439
2139467.389822006,71.10782
2140154.919862747,87.2687
2140904.9599170685,79.99628
2141686.2399578094,76.79644
2142389.4000053406,85.3294
2143123.809814453,81.69833
2143858.2198619843,81.69833
2144623.8799095154,78.36374
2145311.4099502563,87.26867
2146030.1899909973,83.47441
2146748.9800453186,83.47439
2147514.639854431,78.36371
2148186.539888382,89.2982
2148952.199935913,78.36371
2152389.8599147797,83.47439
2153077.399969101,87.2687
2159296.429872513,67.3653
2160077.719926834,76.79644
2160765.249967575,87.26867
2161437.160015106,89.2982
2162202.8198242188,78.36371
2162905.97987175,85.32937
2171765.759944916,75.29063
2172640.799999237,68.56825
2173359.580039978,83.47441
2174218.999862671,69.81495
2179922.389984131,69.81495
2180750.550031662,72.44947
2181531.8398475647,76.79644
2182531.879901886,59.99723
2192719.8598384857,75.29063
2193516.769886017,75.29063
2194298.049926758,76.79644
2195032.459974289,81.69836
2195798.12002182,78.36371
2196673.159837723,68.56825
2197376.319885254,85.3294
2198141.979932785,78.36371
2198938.889980316,75.29063
2208392.4598693848,83.47441
2209126.869916916,81.69833
2209767.5199508667,93.65421
2210501.929998398,81.69833
2211236.340045929,81.69833
2211970.7498550415,81.69836
2212705.1599025726,81.69833
2213564.5699501038,69.81495
2220643.019914627,78.36371
2221314.929962158,89.29817
2235503.089904785,67.3653
2246472.349882126,95.99557
2247019.2499160767,109.7092
2247659.8999500275,93.65421
2248347.4299907684,87.26867
2260910.509824753,69.81495
2261691.799879074,76.79644
2262519.959926605,72.44947
2263301.2499809265,76.79646
2267317.059993744,81.69836
2268067.100048065,79.99628
2268832.7598571777,78.36371
2269645.2898979187,73.84273
2270395.32995224,79.99632
2271192.239999771,75.29063
2272082.909822464,67.3653
2273020.4498767853,63.99704
2277801.919937134,67.3653
2278489.4499778748,87.26867
2283020.910024643,79.99628
2294740.2098178864,73.84275
2295490.2398586273,79.99628
2296255.8999061584,78.36371
2297037.1899604797,76.79644
2297834.100008011,75.29065
2298599.7598171234,78.36371
2302568.6898231506,71.10782
2303349.979877472,76.79644
2304100.009918213,79.99628
2304896.9299793243,75.29065
2305756.3400268555,69.81495
2306475.119829178,83.47439
2307256.409883499,76.79644
2308068.9499378204,73.84273
2308772.1099853516,85.3294
2309506.5100193024,81.69833
2310381.5598487854,68.56825
2311178.4698963165,75.29063
2315006.7698955536,79.99628
2315741.1799430847,81.69833
2316538.089990616,75.29063
2317194.370031357,91.42435
2317913.149833679,83.47439
2318600.6898880005,87.2687
2319241.3399219513,93.65418
2319928.8699626923,87.2687
2320538.2800102234,98.45695
2321194.5600509644,91.42435
2321882.0898532867,87.26867
2322600.8698940277,83.47441
2323319.6499347687,83.47439
2323960.3099823,93.65421
2324647.840023041,87.26867
2325288.4998321533,93.65421
2325960.399866104,89.29817
2326632.3099136353,89.2982
2327272.959947586,93.65418
2327960.489988327,87.2687
2332507.5800418854,67.3653
2333507.6298713684,59.99723
2334273.2899188995,78.36371
2334960.8199596405,87.2687
2335710.8500003815,79.99628
2336445.2600479126,81.69833
2337226.5498638153,76.79646
2338054.7099113464,72.44947
2338773.4999656677,83.47439
2339539.160013199,78.36371
2340367.3198223114,72.44949
2341101.7298698425,81.69833
2341820.5099105835,83.47439
2342601.799964905,76.79644
2353414.799928665,76.79644
2354149.2099761963,81.69833
2354930.4900169373,76.79646
2355758.65983963,72.44947
2356477.439880371,83.47439
2357258.7299346924,76.79644
2358024.3899822235,78.36374
2358821.3000297546,75.29063
2359555.709838867,81.69833
2360274.489879608,83.47441
2361055.7799339294,76.79644
2361821.4399814606,78.36371
2362555.8500289917,81.69833
2363290.2598381042,81.69836
2364165.2998924255,68.56825
2364837.1999263763,89.29817
2365524.7299671173,87.2687
2366290.3900146484,78.36371
2367071.679830551,76.79644
2367774.8398780823,85.3294
2368524.8699188232,79.99628
2369259.2799663544,81.69833
2370040.5700206757,76.79644
2370759.349822998,83.47441
2371509.3898773193,79.99628
2372290.6699180603,76.79644
2373056.3299655914,78.36374
2373806.3700199127,79.99628
2374572.0298290253,78.36371
2375337.6898765564,78.36374
2376040.8499240875,85.32937
2376790.8799648285,79.99628
2377525.2900123596,81.69836
2378275.319814682,79.99628
2378931.599855423,91.42432
2379666.009902954,81.69836
2380509.7999572754,71.10782
2381337.970018387,72.44947
2390103.999853134,85.32937
2390807.149887085,85.3294
2391494.6899414062,87.26867
2392213.469982147,83.47439
2399213.7899398804,62.94791
2400354.470014572,52.6003
2401542.0298576355,50.52397
2407667.309999466,81.69836
2408464.220046997,75.29063
2409370.5098629,66.20383
2410151.799917221,76.79644
2410995.5899715424,71.10782
2411933.1300258636,63.99704
2412698.789834976,78.36371
2413542.5798892975,71.10782
2414448.869943619,66.20383
2415198.90999794,79.99628
2416011.4500522614,73.84275
2416870.859861374,69.81495
2417683.399915695,73.84273
2418464.6899700165,76.79644
2419370.980024338,66.20383
2420339.7698402405,61.93262
2421167.939901352,72.44947
2422089.849948883,65.08173
2423011.7700099945,65.08173
2423793.059825897,76.79644
2424589.9698734283,75.29063
2425433.7599277496,71.10782
2426308.799982071,68.56825
2427074.460029602,78.36374
2427715.1098251343,93.65418
2432074.6898651123,69.81495
2432965.3599262238,67.3653
2433731.019973755,78.36374
2434512.300014496,76.79644
2435387.3398303986,68.56825
2436278.00989151,67.3653
2444497.139930725,85.32937
2445387.8099918365,67.3653
2450294.280052185,81.69833
2451028.6898612976,81.69836
2451731.8499088287,85.32937
2452388.1299495697,91.42432
2453138.170003891,79.99632
2453935.080051422,75.29063
2465076.220035553,72.44947
2465951.2598514557,68.56825
2466873.179912567,65.08173
2467920.0999736786,57.31077
2471717.1499729156,73.84273
2472467.190027237,79.99628
2473264.0998363495,75.29063
2478811.229944229,75.29063
2479686.2699985504,68.56825
2480436.309814453,79.99628
2481248.839855194,73.84273
2482092.6299095154,71.10782
2486967.859983444,69.81495
2487842.9000377655,68.56825
2488842.9498672485,59.99723
2489577.3499011993,81.69833
2490593.029975891,59.07419
2491546.2000370026,62.94791
2492343.109846115,75.29063
2493108.7698936462,78.36374
2493968.1799411774,69.81495
2494718.2199954987,79.99628
2495515.13004303,75.29063
2496327.6698589325,73.84273
2497108.9498996735,76.79644
2497843.3599472046,81.69836
2505984.3599796295,81.69833
2506781.280040741,75.29065
2507609.4398498535,72.44947
2508296.9698905945,87.26867
2509062.6299381256,78.36371
2509890.799999237,72.44949
2510812.710046768,65.08173
2511531.499862671,83.47439
2512344.029903412,73.84273
2513156.569957733,73.84273
2513859.7300052643,85.3294
2514672.269821167,73.84273
2515484.799861908,73.84273
2516250.459909439,78.36371
2516937.9999637604,87.2687
2517719.2800045013,76.79644
2518500.569820404,76.79644
2519484.9898815155,60.94956
2520188.1499290466,85.32937
2520985.0599765778,75.29065
2521906.980037689,65.08172
2522782.019853592,68.56825
2523516.429901123,81.69836
2524344.589948654,72.44947
2525141.4999961853,75.29063
2525844.6600437164,85.3294
2526657.199859619,73.84273
2527563.4899139404,66.20383
2528329.1499614716,78.36371
2529110.440015793,76.79644
2529922.9698181152,73.84273
2530704.2598724365,76.79646
2531407.4199199677,85.32937
2532110.5699539185,85.32937
2532876.2300014496,78.36374
2533688.7698173523,73.84273
2534407.5598716736,83.47439
2535173.2199192047,78.36371
2536048.259973526,68.56827
2536860.790014267,73.84273
2537595.1998233795,81.69833
2538392.119884491,75.29063
2539267.1599388123,68.56825
2539970.309972763,85.3294
2540673.470020294,85.32937
2541407.8798294067,81.69833
2542204.789876938,75.29065
2542954.829931259,79.99628
2550767.6899433136,91.42432
2551502.0999908447,81.69836
2552299.010038376,75.29063
2553049.0398406982,79.99628
2553767.8298950195,83.47439
2554549.1099357605,76.79646
2555377.279996872,72.44947
2556064.810037613,87.26867
2556861.7198467255,75.29063
2557658.6298942566,75.29065
2558361.7899417877,85.32937
2559143.079996109,76.79644
2559986.8700504303,71.10782
2560690.0198459625,85.3294
2561440.059900284,79.99628
2562252.599954605,73.84273
2563018.260002136,78.36374
2567424.710035324,83.47441
2568205.999851227,76.79644
2569112.289905548,66.20383
2569877.949953079,78.36371
2570627.97999382,79.99628
2571393.6400413513,78.36374
2572221.809864044,72.44947
2573018.7199115753,75.29063
2582847.2998142242,81.69836
2583519.2098617554,89.29817
2584237.9899024963,83.47441
2584909.889936447,89.29817
2585659.9299907684,79.99628
2586456.8400382996,75.29065
2590160.1400375366,89.29817
2590910.169839859,79.99632
2591675.82988739,78.36371
2592425.8699417114,79.99628
2593113.3999824524,87.2687
2593863.4300231934,79.99628
2594644.719839096,76.79644
2595347.879886627,85.3294
2596051.0399341583,85.32937
2596801.0699748993,79.99628
2597597.9800224304,75.29063
2598301.139831543,85.3294
2599004.299879074,85.32937
2599723.079919815,83.47441
2600504.3699741364,76.79644
2601207.520008087,85.32937
2601926.30982399,83.47441
2602660.719871521,81.69833
2603441.999912262,76.79644
2604145.159959793,85.3294
2604863.940000534,83.47439
2605613.979816437,79.99628
2606457.769870758,71.10782
2607160.919904709,85.3294
2607879.70995903,83.47439
2608614.1200065613,81.69836
2609426.6500473022,73.84273
2610129.809856415,85.32937
2610832.969903946,85.3294
2611551.749944687,83.47439
2612411.1700057983,69.81495
2613239.329814911,72.44947
2613973.739862442,81.69833
2614770.649909973,75.29065
2615661.3199710846,67.3653
2616551.9800186157,67.3653
2617270.7698345184,83.47439
2618020.7998752594,79.99628
2618817.7099227905,75.29065
2619645.879983902,72.44947
2620333.410024643,87.26867
2621114.6998405457,76.79644
2621927.2298812866,73.84275
2622739.769935608,73.84273
2623427.299976349,87.26867
2624208.59003067,76.79644
2625067.9998397827,69.81495
2625880.539894104,73.84275
2626583.699941635,85.32937
2627364.9899959564,76.79644
2635443.480014801,78.36371
2636193.5198307037,79.99628
2637006.059885025,73.84273
2637724.839925766,83.47441
2638474.8799800873,79.99628
2639381.1700344086,66.20383
2640209.329843521,72.44947
2640928.109884262,83.47441
2641693.769931793,78.36371
2642568.8099861145,68.56825
2643303.2200336456,81.69833
2644100.1398563385,75.29063
2644975.17991066,68.56825
2645865.839958191,67.3653
2646584.630012512,83.47441
2647350.2898216248,78.36371
2648131.5698623657,76.79644
2648897.229909897,78.36374
2649631.639957428,81.69833
2650412.9300117493,76.79644
2651303.589820862,67.3653
2652147.379875183,71.10782
2652850.5399227142,85.3294
2653663.0799770355,73.84273
2654553.7400245667,67.3653
2655272.5298404694,83.47439
2656022.5598812103,79.99628
2656788.2199287415,78.36374
2664726.089954376,91.42435
2665429.2500019073,85.32937
2666085.5300426483,91.42435
2666726.1798381805,93.65418
2667413.719892502,87.2687
2674007.7698230743,69.81495
2674882.8098773956,68.56825
2675601.5899181366,83.47439
2676351.629972458,79.99632
2677226.670026779,68.56825
2678086.0798358917,69.81495
2678851.749897003,78.36371
2679804.9099445343,62.94791
2680836.210012436,58.17912
2681648.7498283386,73.84275
2682539.41988945,67.3653
2683555.0899505615,59.07418
2684351.9999980927,75.29065
2685164.540052414,73.84273
2685992.6998615265,72.44947
2686914.619922638,65.08173
2687664.649963379,79.99628
2688524.0700244904,69.81495
2689539.739847183,59.07419
2690399.1498947144,69.81495
2691164.819955826,78.36371
2691930.480003357,78.36371
2692727.390050888,75.29065
2693477.4198532104,79.99628
2694258.7099075317,76.79644
2695164.999961853,66.20383
2696196.3000297546,58.17913
2696977.579832077,76.79644
2697852.6298999786,68.56825
2698821.4199543,61.93262
2699649.580001831,72.44947
2700446.499824524,75.29063
2701243.409872055,75.29063
2702087.1999263763,71.10782
2702821.6099739075,81.69836
2703571.6400146484,79.99628
2704384.179830551,73.84273
2705259.2198848724,68.56825
2706134.2599391937,68.56825
2706899.919986725,78.36374
2707696.830034256,75.29063
2708556.249856949,69.81495
2709431.28991127,68.56825
2710196.9499588013,78.36371
2715134.68003273,71.10782
2715962.8398418427,72.44947
2716681.6198825836,83.47439
2717478.5299301147,75.29065
2718275.449991226,75.29063
2719103.6100387573,72.44947
2719838.01984787,81.69833
2720681.809902191,71.10782
2721697.4799633026,59.07419
2722541.270017624,71.10782
2723525.689840317,60.94956
2724525.7399082184,59.99723
2725291.3999557495,78.36371
2726010.1799964905,83.47439
2726838.3400440216,72.44949
2727541.499853134,85.32937
2737198.1999874115,76.79644
2738041.990041733,71.10782
2764902.6098251343,78.36374
2765668.2698726654,78.36371
2766418.2999134064,79.99628
2767090.2099609375,89.2982
2767855.8700084686,78.36371
2779668.9100265503,59.07419
2801185.539960861,78.36374
2802091.8300151825,66.20383
2803107.4998378754,59.07418
2803873.1598854065,78.36374
2804826.329946518,62.94789
2805842.0000076294,59.07419
2806748.289823532,66.20383
2807513.949871063,78.36371
2808420.249938965,66.20383
2813139.209985733,60.94956
2813858.0000400543,83.47439
2814779.919862747,65.08173
2815670.5799102783,67.3653
2816436.2399578094,78.36371
2817326.910018921,67.3653
2827889.899969101,78.36371
2828639.930009842,79.99632
2838124.7498989105,85.32937
2838827.8999328613,85.3294
2839656.069993973,72.44947
2840359.230041504,85.32937
2841156.1398506165,75.29063
2845937.609910965,61.9326
2846750.1499652863,73.84275
2847593.9400196075,71.10782
2848515.84982872,65.08173
2849250.259876251,81.69833
2850078.4299373627,72.44947
2851000.339984894,65.08173
2852094.139814377,54.85461
2864219.7098731995,56.46796
2864985.3699207306,78.36371
2865766.6499614716,76.79646
2866516.690015793,79.99628
2867204.2198181152,87.26867
2867922.999858856,83.47441
2868782.4199199677,69.81495
2869501.1999607086,83.47439
2870407.49001503,66.20383
2875063.95983696,75.29063
2875907.749891281,71.10782
2881314.2499923706,79.99632
2882079.9100399017,78.36371
2882783.0698490143,85.32937
2883548.7298965454,78.36374
2884220.629930496,89.29817
2884830.029964447,98.45699
2957692.780017853,91.42432
2972693.480014801,76.79644
3039712.2099399567,83.47441
3040509.119987488,75.29063
3047993.8399791718,83.47439
3048743.880033493,79.99628
3049540.7898426056,75.29065
3053244.0798282623,76.79644
3086620.6300258636,93.65421
3101746.330022812,73.84275
3102527.6198387146,76.79644
3108434.1399669647,73.84275
3109215.430021286,76.79644
3110090.4698371887,68.56825
3142966.989994049,78.36374
3143763.90004158,75.29063
3144654.569864273,67.3653
3145310.849905014,91.42432
3146139.009952545,72.44947
3147014.0500068665,68.56825
3150936.110019684,78.36374
3151764.2698287964,72.44947
3152561.1798763275,75.29063
3175359.1198921204,119.9944
3175999.769926071,93.65421
3208126.2600421906,68.56825
3209141.9298648834,59.07419
3210235.729932785,54.85461
3214407.7999591827,78.36371
3215189.0799999237,76.79644
3215954.7498226166,78.36374
3216689.1498565674,81.69833
3217454.8099040985,78.36371
3218282.97996521,72.44947
3219095.5200195312,73.84275
3219814.2998218536,83.47439
3220533.0798625946,83.47439
3221267.4899101257,81.69836
3240659.0099334717,68.56825
3247674.959897995,81.69833
3248534.3799591064,69.81495
3249221.9099998474,87.2687
3250175.0798225403,62.94789
3251159.4998836517,60.94956
3255019.049882889,85.32937
3255737.83993721,83.47441
3256675.3799915314,63.99704
3266785.2199077606,68.56825
3278520.1399326324,73.84273
3291301.9800186157,85.32937
3292114.5198345184,73.84275
3292989.5598888397,68.56825
3293723.969936371,81.69833
3294520.879983902,75.29063
3295364.6700382233,71.10782
3300911.7999076843,76.79644
3309380.94997406,71.10782
3310240.360021591,69.81495
3310990.399837494,79.99628
3311771.679878235,76.79644
3312646.719932556,68.56825
3313474.8899936676,72.44947
3314240.5500411987,78.36374
3315068.7098503113,72.44947
3315928.1299114227,69.81495
3321537.7600193024,63.99704
3325334.8100185394,79.99632
3326116.099834442,76.79644
3326819.249868393,85.32937
3327553.659915924,81.69836
3328397.4499702454,71.10782
3329225.620031357,72.44947
3329975.649833679,79.99628
3330866.3198947906,67.3653
3331803.859949112,63.99704
3332522.639989853,83.47439
3333303.930044174,76.79646
3334085.219860077,76.79644
3334757.1198940277,89.29817
3335507.159948349,79.99632
3336288.43998909,76.79644
3337100.9800434113,73.84273
3338007.269859314,66.20383
3343304.3899536133,71.10782
3344116.9300079346,73.84273
3344804.4600486755,87.2687
3345507.619857788,85.32937
3346226.399898529,83.47439
3346976.4399528503,79.99632
3347663.9699935913,87.26867
3348351.5000343323,87.2687
3349085.909843445,81.69833
3349851.569890976,78.36371
3350632.8599452972,76.79644
3369493.1099414825,81.69833
3370274.3899822235,76.79644
3371008.8000297546,81.69833
3371665.079832077,91.42435
3372336.989879608,89.29817
3377102.8299331665,57.31078
3377946.619987488,71.10782
3378884.169816971,63.99704
3379821.709871292,63.99704
3383634.3898773193,81.69833
3384478.1699180603,71.10782
3385431.3399791718,62.94791
3389197.139978409,85.32937
3390025.3100395203,72.44947
3400307.0299625397,81.69833
3401150.820016861,71.10782
3401775.8498191833,95.99557
3402557.1398735046,76.79644
3403385.2999210358,72.44947
3404135.339975357,79.99632
3404916.620016098,76.79644
3405713.5298252106,75.29063
3406416.6898727417,85.32937
3407182.349920273,78.36374
3407979.259967804,75.29063
3408744.920015335,78.36371
3409463.709831238,83.47441
3410307.499885559,71.10782
3411135.65993309,72.44947
3411838.8199806213,85.32937
3412573.2300281525,81.69836
3413401.389837265,72.44947
3414120.169878006,83.47439
3414948.3399391174,72.44947
3415792.1299934387,71.10782
3420573.5998153687,87.26867
3421323.6298561096,79.99632
3422292.429924011,61.93262
3423198.7199783325,66.20383
3423980.0000190735,76.79644
3424808.1698417664,72.44947
3425855.089902878,57.31078
3429652.139902115,78.36371
3430527.179956436,68.56825
3431355.3500175476,72.44947
3432089.75982666,81.69833
3432871.039867401,76.79646
3433855.4599285126,60.94955
3434621.1199760437,78.36374
3435339.910030365,83.47439
3436246.1998462677,66.20383
3436918.0998802185,89.2982
3437636.88993454,83.47439
3438324.4199752808,87.26867
